﻿<?xml version="1.0" encoding="utf-8"?>
<assembly name="Akka">
  <!-- LoggingAdapter -->
  <member name="M:Akka.Event.ILoggingAdapter.Debug(System.String,System.Object[])">
    <attribute ctor="M:JetBrains.Annotations.StringFormatMethodAttribute.#ctor(System.String)"><argument>format</argument></attribute>
  </member>
  <member name="M:Akka.Event.ILoggingAdapter.Info(System.String,System.Object[])">
    <attribute ctor="M:JetBrains.Annotations.StringFormatMethodAttribute.#ctor(System.String)"><argument>format</argument></attribute>
  </member>
  <member name="M:Akka.Event.ILoggingAdapter.Warning(System.String,System.Object[])">
    <attribute ctor="M:JetBrains.Annotations.StringFormatMethodAttribute.#ctor(System.String)"><argument>format</argument></attribute>
  </member>
  <member name="M:Akka.Event.ILoggingAdapter.Error(System.String,System.Object[])">
    <attribute ctor="M:JetBrains.Annotations.StringFormatMethodAttribute.#ctor(System.String)"><argument>format</argument></attribute>
  </member>
  <member name="M:Akka.Event.ILoggingAdapter.Error(System.Exception,System.String,System.Object[])">
    <attribute ctor="M:JetBrains.Annotations.StringFormatMethodAttribute.#ctor(System.String)"><argument>format</argument></attribute>
  </member>
  <member name="M:Akka.Event.ILoggingAdapter.Log(Akka.Event.LogLevel,System.String,System.Object[])">
    <attribute ctor="M:JetBrains.Annotations.StringFormatMethodAttribute.#ctor(System.String)"><argument>format</argument></attribute>
  </member>

  <!-- LoggingAdapterBase -->
  <member name="M:Akka.Event.ILoggingAdapterBase.Debug(System.String,System.Object[])">
    <attribute ctor="M:JetBrains.Annotations.StringFormatMethodAttribute.#ctor(System.String)"><argument>format</argument></attribute>
  </member>
  <member name="M:Akka.Event.ILoggingAdapterBase.Info(System.String,System.Object[])">
    <attribute ctor="M:JetBrains.Annotations.StringFormatMethodAttribute.#ctor(System.String)"><argument>format</argument></attribute>
  </member>
  <member name="M:Akka.Event.ILoggingAdapterBase.Warning(System.String,System.Object[])">
    <attribute ctor="M:JetBrains.Annotations.StringFormatMethodAttribute.#ctor(System.String)"><argument>format</argument></attribute>
  </member>
  <member name="M:Akka.Event.ILoggingAdapterBase.Error(System.String,System.Object[])">
    <attribute ctor="M:JetBrains.Annotations.StringFormatMethodAttribute.#ctor(System.String)"><argument>format</argument></attribute>
  </member>
  <member name="M:Akka.Event.ILoggingAdapterBase.Error(System.Exception,System.String,System.Object[])">
    <attribute ctor="M:JetBrains.Annotations.StringFormatMethodAttribute.#ctor(System.String)"><argument>format</argument></attribute>
  </member>
  <member name="M:Akka.Event.ILoggingAdapterBase.Log(Akka.Event.LogLevel,System.String,System.Object[])">
    <attribute ctor="M:JetBrains.Annotations.StringFormatMethodAttribute.#ctor(System.String)"><argument>format</argument></attribute>
  </member>
    
  <!-- ILogMessageFormatter -->
  <member name="M:Akka.Event.ILogMessageFormatter.Format(System.String,System.Object[])">
    <attribute ctor="M:JetBrains.Annotations.StringFormatMethodAttribute.#ctor(System.String)"><argument>format</argument></attribute>
  </member>
  
  <!-- DefaultLogMessageFormatter -->
  <member name="M:Akka.Event.DefaultLogMessageFormatter.Format(System.String,System.Object[])">
    <attribute ctor="M:JetBrains.Annotations.StringFormatMethodAttribute.#ctor(System.String)"><argument>format</argument></attribute>
  </member>
</assembly>