<?xml version="1.0"?>
<doc>
    <assembly>
        <name>OxyPlot.Xps</name>
    </assembly>
    <members>
        <member name="T:OxyPlot.Xps.NamespaceDoc">
            <summary>
            The OxyPlot.Xps namespace contains functionality to export plots and reports to .xps files.
            </summary>
        </member>
        <member name="T:OxyPlot.Xps.XpsExporter">
            <summary>
            Provides functionality to export plots to xps.
            </summary>
        </member>
        <member name="M:OxyPlot.Xps.XpsExporter.#ctor">
            <summary>
            Initializes a new instance of the <see cref="T:OxyPlot.Xps.XpsExporter"/> class.
            </summary>
        </member>
        <member name="M:OxyPlot.Xps.XpsExporter.Export(OxyPlot.IPlotModel,System.String,System.Double,System.Double,OxyPlot.OxyColor)">
            <summary>
            Exports the specified plot model to an xps file.
            </summary>
            <param name="model">The model.</param>
            <param name="fileName">The file name.</param>
            <param name="width">The width.</param>
            <param name="height">The height.</param>
            <param name="background">The background color.</param>
        </member>
        <member name="M:OxyPlot.Xps.XpsExporter.Export(OxyPlot.IPlotModel,System.IO.Stream,System.Double,System.Double)">
            <summary>
            Exports the specified <see cref="T:OxyPlot.PlotModel"/> to the specified <see cref="T:System.IO.Stream"/>.
            </summary>
            <param name="model">The model.</param>
            <param name="stream">The stream.</param>
            <param name="width">The width.</param>
            <param name="height">The height.</param>
        </member>
        <member name="M:OxyPlot.Xps.XpsExporter.Print(OxyPlot.IPlotModel,System.Double,System.Double)">
            <summary>
            Prints the specified plot model.
            </summary>
            <param name="model">The model.</param>
            <param name="width">The width (using the actual media width if set to NaN).</param>
            <param name="height">The height (using the actual media height if set to NaN).</param>
        </member>
        <member name="M:OxyPlot.Xps.XpsExporter.Export(OxyPlot.IPlotModel,System.IO.Stream)">
            <summary>
            Exports the specified <see cref="T:OxyPlot.PlotModel"/> to the specified <see cref="T:System.IO.Stream"/>.
            </summary>
            <param name="model">The model.</param>
            <param name="stream">The stream.</param>
        </member>
        <member name="M:OxyPlot.Xps.XpsExporter.Print(OxyPlot.IPlotModel)">
            <summary>
            Prints the specified plot model.
            </summary>
            <param name="model">The model.</param>
        </member>
        <member name="P:OxyPlot.Xps.XpsExporter.Width">
            <summary>
            Gets or sets the width of the output document.
            </summary>
        </member>
        <member name="P:OxyPlot.Xps.XpsExporter.Height">
            <summary>
            Gets or sets the height of the output document.
            </summary>
        </member>
        <member name="P:OxyPlot.Xps.XpsExporter.Background">
            <summary>
            Gets or sets the background color.
            </summary>
        </member>
        <member name="P:OxyPlot.Xps.XpsExporter.TextFormattingMode">
            <summary>
            Gets or sets the text formatting mode.
            </summary>
            <value>The text formatting mode.</value>
        </member>
        <member name="T:OxyPlot.Xps.FlowDocumentReportWriter">
            <summary>
            Provides an XPS report writer.
            </summary>
        </member>
        <member name="F:OxyPlot.Xps.FlowDocumentReportWriter.doc">
            <summary>
            The document.
            </summary>
        </member>
        <member name="F:OxyPlot.Xps.FlowDocumentReportWriter.disposed">
            <summary>
            The disposed flag.
            </summary>
        </member>
        <member name="M:OxyPlot.Xps.FlowDocumentReportWriter.#ctor">
            <summary>
            Initializes a new instance of the <see cref="T:OxyPlot.Xps.FlowDocumentReportWriter"/> class.
            </summary>
        </member>
        <member name="M:OxyPlot.Xps.FlowDocumentReportWriter.Dispose">
            <summary>
            Performs application-defined tasks associated with freeing, releasing, or resetting unmanaged resources.
            </summary>
        </member>
        <member name="M:OxyPlot.Xps.FlowDocumentReportWriter.Print">
            <summary>
            Prints the document.
            </summary>
        </member>
        <member name="M:OxyPlot.Xps.FlowDocumentReportWriter.Save(System.String,System.Double,System.Double)">
            <summary>
            Saves the document.
            </summary>
            <param name="filename">The filename.</param>
            <param name="width">The width.</param>
            <param name="height">The height.</param>
        </member>
        <member name="M:OxyPlot.Xps.FlowDocumentReportWriter.WriteDrawing(OxyPlot.Reporting.DrawingFigure)">
            <summary>
            Writes a drawing.
            </summary>
            <param name="d">The drawing.</param>
        </member>
        <member name="M:OxyPlot.Xps.FlowDocumentReportWriter.WriteEquation(OxyPlot.Reporting.Equation)">
            <summary>
            Writes an equation.
            </summary>
            <param name="equation">The equation.</param>
        </member>
        <member name="M:OxyPlot.Xps.FlowDocumentReportWriter.WriteHeader(OxyPlot.Reporting.Header)">
            <summary>
            Writes a header.
            </summary>
            <param name="h">The header.</param>
        </member>
        <member name="M:OxyPlot.Xps.FlowDocumentReportWriter.WriteImage(OxyPlot.Reporting.Image)">
            <summary>
            Writes an image.
            </summary>
            <param name="i">The image.</param>
        </member>
        <member name="M:OxyPlot.Xps.FlowDocumentReportWriter.WriteParagraph(OxyPlot.Reporting.Paragraph)">
            <summary>
            Writes a paragraph.
            </summary>
            <param name="pa">The paragraph.</param>
        </member>
        <member name="M:OxyPlot.Xps.FlowDocumentReportWriter.WritePlot(OxyPlot.Reporting.PlotFigure)">
            <summary>
            Writes a plot.
            </summary>
            <param name="plot">The plot.</param>
        </member>
        <member name="M:OxyPlot.Xps.FlowDocumentReportWriter.WriteReport(OxyPlot.Reporting.Report,OxyPlot.Reporting.ReportStyle)">
            <summary>
            Writes a report.
            </summary>
            <param name="report">The report.</param>
            <param name="reportStyle">The style.</param>
        </member>
        <member name="M:OxyPlot.Xps.FlowDocumentReportWriter.WriteTable(OxyPlot.Reporting.Table)">
            <summary>
            Writes a table.
            </summary>
            <param name="t">The t.</param>
        </member>
        <member name="M:OxyPlot.Xps.FlowDocumentReportWriter.SetStyle(System.Windows.Documents.TextElement,OxyPlot.Reporting.ParagraphStyle)">
            <summary>
            The set style.
            </summary>
            <param name="run">The run.</param>
            <param name="s">The s.</param>
        </member>
        <member name="M:OxyPlot.Xps.FlowDocumentReportWriter.AddPageBody(System.Windows.Documents.DocumentPaginator,System.Int32,System.Windows.Controls.Canvas,System.Windows.Thickness)">
            <summary>
            Adds a page body.
            </summary>
            <param name="sourceFlowDocPaginator">The source flow document paginator.</param>
            <param name="pageNumber">The page number.</param>
            <param name="pageCanvas">The page canvas.</param>
            <param name="margins">The margins.</param>
        </member>
        <member name="M:OxyPlot.Xps.FlowDocumentReportWriter.AddPageToDocument(System.Windows.Documents.FixedDocument,System.Windows.Controls.Canvas,System.Windows.Size)">
            <summary>
            Adds a page to the document.
            </summary>
            <param name="fixedDocument">The fixed document.</param>
            <param name="pageCanvas">The page canvas.</param>
            <param name="pageSize">The page size.</param>
        </member>
        <member name="M:OxyPlot.Xps.FlowDocumentReportWriter.BuildFixedDocument(System.Windows.Documents.DocumentPaginator,System.Windows.Size,System.Windows.Thickness)">
            <summary>
            Builds the fixed document.
            </summary>
            <param name="sourceFlowDocPaginator">The source flow doc paginator.</param>
            <param name="size">The size.</param>
            <param name="margins">The margins.</param>
            <returns>The document.</returns>
        </member>
        <member name="M:OxyPlot.Xps.FlowDocumentReportWriter.CreateFixedDocument(System.Windows.Size)">
            <summary>
            Creates the fixed document.
            </summary>
            <param name="size">The size.</param>
            <returns>The document.</returns>
        </member>
        <member name="M:OxyPlot.Xps.FlowDocumentReportWriter.CreateParagraph(System.String,OxyPlot.Reporting.ParagraphStyle)">
            <summary>
            Creates a paragraph.
            </summary>
            <param name="text">The text.</param>
            <param name="style">The style.</param>
            <returns>A paragraph.</returns>
        </member>
        <member name="M:OxyPlot.Xps.FlowDocumentReportWriter.Dispose(System.Boolean)">
            <summary>
            Releases unmanaged and - optionally - managed resources
            </summary>
            <param name="disposing"><c>true</c> to release both managed and unmanaged resources; <c>false</c> to release only unmanaged resources.</param>
        </member>
        <member name="P:OxyPlot.Xps.FlowDocumentReportWriter.FlowDocument">
            <summary>
            Gets the FlowDocument.
            </summary>
        </member>
        <member name="P:OxyPlot.Xps.FlowDocumentReportWriter.Style">
            <summary>
            Gets or sets the report style.
            </summary>
        </member>
    </members>
</doc>
